version 1, schema sea_surfaces_tables
unknown1(string)	unknown2(float)	unknown3(float)	unknown4(float)	unknown5(float)	unknown6(float)	unknown7(boolean)	unknown8(float)	unknown9(float)	unknown10(float)	unknown11(float)	unknown12(float)	unknown13(float)	unknown14(float)	unknown15(float)	unknown16(float)	unknown17(float)	unknown18(float)	unknown19(float)
"wind_level_0"	1.95	1.8999999156221747e-05	0.5	6.86	1.5399999497844874e-08	false	0.5	0.3	0.075	0.7	0.35	0.05	0.25	10	2	200	0.0006	0.5
"wind_level_1"	4.29	1.8999999156221747e-05	0.75	11.27	2.800000054037355e-08	false	0.5	0.3	0.075	0.7	0.35	0.05	0.25	10	2	1000	0.0006	0.5
"wind_level_2"	6.24	2.6199999410891905e-05	1.45	11.27	2.8900000614839882e-08	false	0.5	0.3	0.075	0.7	0.35	0.05	0.25	10	2	378	0.0006	0.5
"wind_level_3"	6.58854	4.4749998778570443e-05	1.38191	10.0162	5.635000022152781e-08	true	0.5	0.3	0.085	0.7	0.35	0.05	0.25	10	2	1000	0.0006	0.5
"wind_level_4"	8.58	5.32000012753997e-05	1.8	12.74	3.250000091270522e-08	true	0.5	0.3	0.075	0.7	0.35	0.05	0.25	10	2	1000	0.0006	0.5
